province,value,chronic_diseases_count,disability_characteristics_count,child_youth_welfare_count,disability_welfare_count,women_welfare_count,elderly_welfare_count,homeless_welfare_count,other_welfare_count,housing_issues_count,health_issues_count,education_issues_count,employment_income_issues_count,family_issues_count,violence_issues_count,human_trafficking_issues_count,social_justice_access_issues_count,other_social_issues_count
กระบี่,3.60242619215,1128.0,730.0,6103.0,675.0,573.0,1864.0,573.0,6006.0,4573.0,698.0,1571.0,21243.0,11319.0,6.0,0.0,605.0,10.0
กรุงเทพมหานคร,18.4495878502,792.0,85.0,204.0,74.0,18.0,160.0,547.0,536.0,564.0,177.0,45.0,1504.0,837.0,6.0,9.0,20.0,187.0
กาญจนบุรี,3.4408528417,,,,,,,,,,,,,,,,,
กาฬสินธุ์,2.73409675619,1401.0,1294.0,6763.0,1198.0,378.0,3557.0,717.0,5528.0,2500.0,924.0,1255.0,21994.0,11766.0,23.0,13.0,218.0,41.0
กำแพงเพชร,3.06116259288,1502.0,655.0,2787.0,793.0,212.0,2124.0,651.0,2419.0,1876.0,874.0,653.0,11896.0,9580.0,4.0,3.0,1350.0,15.0
ขอนแก่น,8.95156290813,,,,,,,,,,,,,,,,,
จันทบุรี,6.79971824372,,,,,,,,,,,,,,,,,
ฉะเชิงเทรา,4.96264844626,,,,,,,,,,,,,,,,,
ชลบุรี,8.69235015748,,,,,,,,,,,,,,,,,
ชัยนาท,3.9183110512,1153.0,479.0,1015.0,437.0,528.0,1821.0,2198.0,4332.0,1882.0,357.0,49.0,6864.0,1917.0,1.0,1.0,674.0,19.0
ชัยภูมิ,2.46671498806,1634.0,1143.0,10321.0,946.0,605.0,4048.0,871.0,7032.0,1542.0,835.0,212.0,14817.0,2903.0,0.0,0.0,460.0,49.0
ชุมพร,4.25434239739,1238.0,943.0,2822.0,856.0,337.0,4964.0,2380.0,2978.0,844.0,535.0,1722.0,20331.0,9007.0,4.0,1.0,12.0,54.0
เชียงราย,5.1637676493,2554.0,1470.0,5899.0,1288.0,1305.0,4516.0,352.0,9409.0,4252.0,3609.0,1762.0,32700.0,15342.0,12.0,9.0,89.0,151.0
เชียงใหม่,8.73455122256,1657.0,1441.0,18398.0,1291.0,325.0,3875.0,639.0,6874.0,6157.0,2329.0,2822.0,37835.0,29920.0,48.0,8.0,782.0,153.0
ตรัง,5.42665081541,307.0,1477.0,4682.0,1259.0,118.0,4239.0,376.0,6265.0,1936.0,354.0,1131.0,20128.0,9627.0,8.0,1.0,618.0,164.0
ตราด,4.5782514742,,,,,,,,,,,,,,,,,
ตาก,4.11990573656,2800.0,1349.0,6234.0,1590.0,750.0,5153.0,1209.0,9280.0,1760.0,572.0,1676.0,21972.0,11451.0,1.0,0.0,1709.0,132.0
นครนายก,7.60614823881,2356.0,654.0,3015.0,551.0,492.0,5781.0,263.0,6099.0,918.0,647.0,337.0,16938.0,2354.0,0.0,2.0,84.0,21.0
นครปฐม,6.93940428728,37.0,26.0,1325.0,22.0,0.0,36.0,2.0,9.0,49.0,9.0,108.0,1150.0,147.0,0.0,0.0,2.0,0.0
นครพนม,2.2651988551,1327.0,521.0,3297.0,542.0,175.0,1371.0,657.0,2838.0,2061.0,739.0,1020.0,12768.0,3431.0,5.0,0.0,560.0,21.0
นครราชสีมา,4.39996772342,,,,,,,,,,,,,,,,,
นครศรีธรรมราช,4.28679569792,360.0,425.0,19414.0,383.0,465.0,2038.0,474.0,2534.0,916.0,146.0,97.0,18597.0,4865.0,0.0,0.0,85.0,291.0
นครสวรรค์,4.87402774312,1971.0,605.0,2868.0,454.0,1662.0,2568.0,33.0,6652.0,597.0,1171.0,546.0,8439.0,2825.0,4.0,0.0,120.0,59.0
นนทบุรี,7.33954399671,3455.0,608.0,2389.0,527.0,302.0,2241.0,315.0,2061.0,4106.0,1004.0,118.0,7874.0,4187.0,6.0,0.0,4457.0,144.0
นราธิวาส,3.03447084873,111.0,132.0,209.0,101.0,13.0,239.0,96.0,338.0,510.0,55.0,145.0,2070.0,594.0,2.0,0.0,11.0,51.0
น่าน,4.47811006857,1806.0,1382.0,1980.0,1218.0,122.0,2992.0,291.0,3003.0,1053.0,1573.0,842.0,11430.0,8244.0,20.0,3.0,119.0,511.0
บึงกาฬ,1.7812949777,1565.0,776.0,2270.0,1158.0,716.0,3346.0,1276.0,5364.0,1080.0,671.0,604.0,7147.0,3489.0,1.0,1.0,179.0,13.0
บุรีรัมย์,3.05161802371,,,,,,,,,,,,,,,,,
ปทุมธานี,8.36554743738,4212.0,3146.0,3618.0,1348.0,180.0,3765.0,241.0,4033.0,2954.0,2157.0,530.0,12422.0,7408.0,36.0,7.0,1925.0,83.0
ประจวบคีรีขันธ์,4.18066387462,728.0,305.0,1953.0,253.0,13.0,908.0,91.0,723.0,944.0,554.0,233.0,1840.0,972.0,0.0,0.0,56.0,5.0
ปราจีนบุรี,4.2788865207,,,,,,,,,,,,,,,,,
ปัตตานี,3.06975048684,1566.0,510.0,20043.0,474.0,719.0,1420.0,776.0,7319.0,3750.0,391.0,547.0,19961.0,18082.0,11.0,2.0,152.0,187.0
พระนครศรีอยุธยา,4.50921088809,3392.0,974.0,3997.0,947.0,177.0,4046.0,140.0,4143.0,949.0,1051.0,893.0,5589.0,6443.0,3.0,0.0,930.0,54.0
พะเยา,2.280031269,3797.0,1948.0,3701.0,1752.0,269.0,5639.0,246.0,6778.0,1597.0,1686.0,818.0,10928.0,6082.0,3.0,0.0,496.0,94.0
พังงา,7.05523566763,1660.0,732.0,2075.0,646.0,360.0,1822.0,437.0,2081.0,1304.0,779.0,741.0,8319.0,2205.0,5.0,0.0,283.0,9.0
พัทลุง,4.44666777833,668.0,1078.0,2765.0,945.0,78.0,1993.0,2498.0,1526.0,1248.0,346.0,153.0,4033.0,6591.0,0.0,0.0,81.0,2.0
พิจิตร,14.9890617796,2081.0,1018.0,4006.0,1087.0,766.0,5945.0,347.0,5383.0,3755.0,927.0,1571.0,11388.0,7334.0,5.0,3.0,265.0,49.0
พิษณุโลก,1.95440433901,1703.0,1681.0,3790.0,1352.0,305.0,4927.0,265.0,6958.0,1615.0,1421.0,578.0,10110.0,7668.0,1.0,1.0,348.0,401.0
เพชรบุรี,5.05533714085,16.0,16.0,1679.0,5.0,1.0,20.0,1.0,198.0,29.0,16.0,988.0,141.0,950.0,0.0,0.0,2.0,2.0
เพชรบูรณ์,2.01252901995,2507.0,2138.0,2083.0,3052.0,714.0,5051.0,311.0,5264.0,3326.0,1523.0,1014.0,26951.0,12062.0,20.0,0.0,554.0,139.0
แพร่,5.20861064362,1395.0,385.0,1475.0,350.0,126.0,1315.0,157.0,2559.0,623.0,1227.0,206.0,10672.0,5416.0,1.0,0.0,56.0,331.0
ภูเก็ต,10.904402284,2245.0,533.0,3820.0,421.0,269.0,1806.0,244.0,2719.0,786.0,565.0,721.0,7394.0,3508.0,4.0,0.0,179.0,1.0
มหาสารคาม,3.42611332822,284.0,271.0,1860.0,117.0,143.0,782.0,3379.0,1413.0,1055.0,120.0,467.0,4102.0,9122.0,3.0,0.0,10.0,4.0
มุกดาหาร,3.55733039567,428.0,510.0,14409.0,544.0,1217.0,1291.0,2061.0,6963.0,448.0,223.0,799.0,12170.0,5963.0,1.0,0.0,2.0,2.0
แม่ฮ่องสอน,3.43166642549,1167.0,601.0,4239.0,510.0,362.0,1797.0,404.0,4071.0,1620.0,811.0,453.0,5539.0,8524.0,7.0,2.0,488.0,158.0
ยโสธร,3.92750834361,,,,,,,,,,,,,,,,,
ยะลา,2.52491743336,1079.0,786.0,3346.0,704.0,221.0,2460.0,277.0,4809.0,3193.0,457.0,1597.0,8186.0,4458.0,0.0,0.0,280.0,6.0
ร้อยเอ็ด,3.18022103697,1040.0,828.0,10534.0,802.0,357.0,3697.0,717.0,6992.0,1462.0,1476.0,628.0,15104.0,5451.0,16.0,2.0,601.0,585.0
ระนอง,3.28599275968,841.0,629.0,2781.0,761.0,29.0,1746.0,184.0,1264.0,486.0,233.0,20.0,4451.0,1363.0,0.0,0.0,986.0,0.0
ระยอง,5.53672089711,,,,,,,,,,,,,,,,,
ราชบุรี,5.35435094558,,,,,,,,,,,,,,,,,
ลพบุรี,4.1714563682,3266.0,1491.0,3094.0,1506.0,199.0,4137.0,534.0,4752.0,3334.0,1216.0,873.0,14309.0,6697.0,3.0,1.0,557.0,214.0
ลำปาง,6.03644678608,5177.0,1605.0,3852.0,1371.0,291.0,5622.0,240.0,2903.0,1590.0,1872.0,1161.0,14397.0,13870.0,6.0,1.0,223.0,16.0
ลำพูน,5.33597783052,2852.0,2522.0,3405.0,2575.0,495.0,6365.0,507.0,6578.0,2638.0,2176.0,1877.0,24739.0,17734.0,7.0,1.0,148.0,65.0
เลย,2.71297654537,754.0,407.0,1417.0,425.0,451.0,3115.0,443.0,6644.0,476.0,497.0,375.0,10325.0,2883.0,1.0,0.0,724.0,10.0
ศรีสะเกษ,2.66698560515,,,,,,,,,,,,,,,,,
สกลนคร,2.92669971362,639.0,732.0,18652.0,419.0,796.0,1246.0,1853.0,11786.0,6947.0,1062.0,4046.0,15678.0,19148.0,11.0,1.0,799.0,172.0
สงขลา,8.83597310375,4385.0,2345.0,19259.0,2419.0,3130.0,5414.0,379.0,9076.0,3221.0,1266.0,582.0,20205.0,13054.0,2.0,1.0,2657.0,8.0
สตูล,3.48191560823,3177.0,1190.0,7789.0,1079.0,690.0,3497.0,901.0,6704.0,3711.0,1270.0,1571.0,12330.0,6633.0,4.0,1.0,716.0,14.0
สมุทรปราการ,5.02318652144,865.0,223.0,4236.0,196.0,130.0,812.0,824.0,792.0,3247.0,303.0,312.0,4550.0,5780.0,1.0,0.0,587.0,3.0
สมุทรสงคราม,4.88369377117,44.0,27.0,317.0,13.0,2.0,23.0,1.0,19.0,54.0,15.0,11.0,270.0,332.0,0.0,0.0,212.0,0.0
สมุทรสาคร,10.4384509988,72.0,125.0,1333.0,99.0,284.0,431.0,302.0,269.0,916.0,109.0,272.0,855.0,771.0,2.0,0.0,105.0,11.0
สระแก้ว,3.22644827197,,,,,,,,,,,,,,,,,
สระบุรี,6.42088341308,4142.0,1564.0,3860.0,1408.0,77.0,3625.0,1137.0,4608.0,4301.0,2227.0,592.0,14093.0,8816.0,12.0,0.0,146.0,161.0
สิงห์บุรี,5.70394555682,1152.0,236.0,862.0,219.0,37.0,1413.0,475.0,756.0,658.0,243.0,116.0,3301.0,1773.0,0.0,0.0,12.0,2.0
สุโขทัย,3.63778630408,5568.0,1721.0,14888.0,1622.0,908.0,7243.0,200.0,8363.0,2562.0,2052.0,1381.0,18817.0,11889.0,6.0,5.0,34.0,59.0
สุพรรณบุรี,4.13011673901,,,,,,,,,,,,,,,,,
สุราษฎร์ธานี,5.56048673044,4345.0,1605.0,3939.0,1356.0,629.0,11422.0,351.0,19118.0,2066.0,2671.0,1208.0,34224.0,8437.0,17.0,3.0,781.0,84.0
สุรินทร์,3.18275109139,,,,,,,,,,,,,,,,,
หนองคาย,3.65584965269,1152.0,459.0,3184.0,427.0,195.0,1901.0,467.0,1627.0,1209.0,526.0,759.0,9219.0,6864.0,3.0,1.0,277.0,5.0
หนองบัวลำภู,2.18497055211,,,,,,,,,,,,,,,,,
อ่างทอง,3.87910370747,6164.0,1248.0,4757.0,993.0,722.0,4276.0,736.0,4465.0,1281.0,1386.0,259.0,10753.0,10409.0,8.0,2.0,76.0,49.0
อำนาจเจริญ,16.2890330286,319.0,262.0,281.0,260.0,79.0,591.0,62.0,598.0,508.0,194.0,163.0,3747.0,932.0,7.0,1.0,334.0,7.0
อุดรธานี,0.85405212415,,,,,,,,,,,,,,,,,
อุตรดิตถ์,5.00644975058,3362.0,1257.0,3064.0,1183.0,118.0,3985.0,288.0,4215.0,1197.0,890.0,613.0,10882.0,4984.0,2.0,0.0,1018.0,8.0
อุทัยธานี,24.6281853842,4351.0,1012.0,2712.0,984.0,781.0,4262.0,307.0,3562.0,1824.0,2043.0,590.0,10472.0,8248.0,5.0,0.0,12.0,76.0
อุบลราชธานี,0.585835360915,386.0,492.0,4541.0,350.0,42.0,787.0,48.0,991.0,1524.0,1593.0,2067.0,15868.0,7070.0,4.0,0.0,10900.0,70.0
